,Superman,Superman Mini,Online Store,Retail Store,AMR,Europe,PAC
Jan Wk2,0.0,0.0,0,0,0.0,0.0,0.0
Jan Wk3,0.0,0.0,0,0,0.0,0.0,0.0
Jan Wk4,6.111111111111112,1.5123456790123455,0,0,0.0,0.0,0.0
Jan Wk5,113.88888888888886,28.82129878739444,50,27,21.6,7.405714285714287,18.05583673469388
